dates,lats,lons,pressure,fcst_ini_date,lead_time_hours
2022-01-08 12:00:00,-13.75,148.25,100465.0,2022-01-08 12:00:00,0
2022-01-08 18:00:00,-14.0,148.25,100215.4,2022-01-08 12:00:00,6
2022-01-09 00:00:00,-14.25,147.25,100396.4,2022-01-08 12:00:00,12
2022-01-09 06:00:00,-14.25,146.5,99891.75,2022-01-08 12:00:00,18
2022-01-09 18:00:00,-14.25,145.5,99533.19,2022-01-08 12:00:00,30
2022-01-10 18:00:00,-15.0,142.0,100314.7,2022-01-08 12:00:00,54
2022-01-11 06:00:00,-14.75,139.75,99943.5,2022-01-08 12:00:00,66
2022-01-11 12:00:00,-15.0,138.75,100175.1,2022-01-08 12:00:00,72
2022-01-11 18:00:00,-15.0,137.0,99759.94,2022-01-08 12:00:00,78
2022-01-12 00:00:00,-15.0,135.5,99873.5,2022-01-08 12:00:00,84
2022-01-12 06:00:00,-14.75,134.25,99840.88,2022-01-08 12:00:00,90
2022-01-12 18:00:00,-15.25,131.75,99969.19,2022-01-08 12:00:00,102
2022-01-13 00:00:00,-15.5,130.5,100333.6,2022-01-08 12:00:00,108
2022-01-13 12:00:00,-15.75,127.75,100156.9,2022-01-08 12:00:00,120
2022-01-13 18:00:00,-15.5,126.75,99684.0,2022-01-08 12:00:00,126
2022-01-14 00:00:00,-15.75,126.75,100105.6,2022-01-08 12:00:00,132
2022-01-14 18:00:00,-17.25,124.5,99636.06,2022-01-08 12:00:00,150
2022-01-15 00:00:00,-18.25,125.5,99813.81,2022-01-08 12:00:00,156
2022-01-15 06:00:00,-19.25,125.0,99515.75,2022-01-08 12:00:00,162
2022-01-15 12:00:00,-19.75,124.5,99647.0,2022-01-08 12:00:00,168
2022-01-16 12:00:00,-23.5,127.5,99664.56,2022-01-08 12:00:00,192
2022-01-09 12:00:00,-20.0,176.25,99339.06,2022-01-09 12:00:00,0
2022-01-09 18:00:00,-19.75,177.0,98911.19,2022-01-09 12:00:00,6
2022-01-10 00:00:00,-20.5,176.5,98916.94,2022-01-09 12:00:00,12
2022-01-10 06:00:00,-20.75,176.25,98562.19,2022-01-09 12:00:00,18
2022-01-10 12:00:00,-20.75,175.25,98747.19,2022-01-09 12:00:00,24
2022-01-10 18:00:00,-20.75,174.25,98532.19,2022-01-09 12:00:00,30
2022-01-11 00:00:00,-20.75,173.75,98658.0,2022-01-09 12:00:00,36
2022-01-11 06:00:00,-20.75,173.5,98469.0,2022-01-09 12:00:00,42
2022-01-11 12:00:00,-21.25,173.25,98679.38,2022-01-09 12:00:00,48
2022-01-11 18:00:00,-21.75,173.5,98567.44,2022-01-09 12:00:00,54
2022-01-12 00:00:00,-22.75,173.5,98696.0,2022-01-09 12:00:00,60
2022-01-12 06:00:00,-23.25,173.75,98458.12,2022-01-09 12:00:00,66
2022-01-12 12:00:00,-24.0,174.0,98622.38,2022-01-09 12:00:00,72
2022-01-12 18:00:00,-24.5,175.0,98629.94,2022-01-09 12:00:00,78
2022-01-13 00:00:00,-25.75,175.5,98624.06,2022-01-09 12:00:00,84
2022-01-13 06:00:00,-26.25,176.0,98342.12,2022-01-09 12:00:00,90
2022-01-13 12:00:00,-26.75,177.0,98316.12,2022-01-09 12:00:00,96
2022-01-13 18:00:00,-27.25,177.0,98047.0,2022-01-09 12:00:00,102
2022-01-14 00:00:00,-27.5,177.75,98217.06,2022-01-09 12:00:00,108
2022-01-14 06:00:00,-28.0,178.0,98188.44,2022-01-09 12:00:00,114
2022-01-14 12:00:00,-28.0,178.75,98302.44,2022-01-09 12:00:00,120
2022-01-14 18:00:00,-28.25,179.5,98399.56,2022-01-09 12:00:00,126
2022-01-15 00:00:00,-29.0,180.0,98665.56,2022-01-09 12:00:00,132
2022-01-15 12:00:00,-30.25,181.0,98484.0,2022-01-09 12:00:00,144
2022-01-15 18:00:00,-31.25,181.75,98277.44,2022-01-09 12:00:00,150
2022-01-16 00:00:00,-32.25,182.0,98446.5,2022-01-09 12:00:00,156
2022-01-16 06:00:00,-33.0,182.25,98641.88,2022-01-09 12:00:00,162
2022-01-16 18:00:00,-36.5,182.25,98908.88,2022-01-09 12:00:00,174
2022-01-17 00:00:00,-38.0,182.5,98934.0,2022-01-09 12:00:00,180
2022-01-17 12:00:00,-40.0,183.25,98809.44,2022-01-09 12:00:00,192
2022-01-18 06:00:00,-43.5,185.75,99228.81,2022-01-09 12:00:00,210
2022-01-18 12:00:00,-44.5,186.75,99299.69,2022-01-09 12:00:00,216
2022-01-18 18:00:00,-45.75,188.25,99405.25,2022-01-09 12:00:00,222
2022-01-19 00:00:00,-47.0,190.0,99492.44,2022-01-09 12:00:00,228
2022-01-19 06:00:00,-48.75,192.25,99484.12,2022-01-09 12:00:00,234
2022-01-19 12:00:00,-50.75,194.25,99494.38,2022-01-09 12:00:00,240
2022-01-19 18:00:00,-52.5,196.5,99530.19,2022-01-09 12:00:00,246
2022-01-23 12:00:00,-15.5,44.25,99878.31,2022-01-23 12:00:00,0
2022-01-23 18:00:00,-15.75,43.25,99852.06,2022-01-23 12:00:00,6
2022-01-24 00:00:00,-16.0,41.5,99528.06,2022-01-23 12:00:00,12
2022-01-24 06:00:00,-16.0,40.5,99379.12,2022-01-23 12:00:00,18
2022-01-24 12:00:00,-16.5,38.75,99157.69,2022-01-23 12:00:00,24
2022-01-24 18:00:00,-16.25,37.5,99377.31,2022-01-23 12:00:00,30
2022-01-25 00:00:00,-16.25,36.25,99500.88,2022-01-23 12:00:00,36
2022-01-25 06:00:00,-16.75,35.5,99750.62,2022-01-23 12:00:00,42
2022-01-25 12:00:00,-16.75,34.5,99798.88,2022-01-23 12:00:00,48
2022-01-25 18:00:00,-16.25,31.25,100078.2,2022-01-23 12:00:00,54
2022-01-29 00:00:00,-18.25,71.75,99826.38,2022-01-29 00:00:00,0
2022-01-29 06:00:00,-18.0,71.0,99948.5,2022-01-29 00:00:00,6
2022-01-29 12:00:00,-18.25,70.5,99673.12,2022-01-29 00:00:00,12
2022-01-29 18:00:00,-17.75,69.25,99840.94,2022-01-29 00:00:00,18
2022-01-30 00:00:00,-17.5,68.5,99431.19,2022-01-29 00:00:00,24
2022-01-30 06:00:00,-17.0,67.5,99495.69,2022-01-29 00:00:00,30
2022-01-30 12:00:00,-16.75,66.5,99052.31,2022-01-29 00:00:00,36
2022-01-30 18:00:00,-16.5,65.5,99139.62,2022-01-29 00:00:00,42
2022-01-31 00:00:00,-16.25,64.5,98850.62,2022-01-29 00:00:00,48
2022-01-31 06:00:00,-16.0,63.75,98932.19,2022-01-29 00:00:00,54
2022-01-31 12:00:00,-15.75,63.0,98652.0,2022-01-29 00:00:00,60
2022-01-31 18:00:00,-16.0,63.0,98759.94,2022-01-29 00:00:00,66
2022-02-01 00:00:00,-16.25,62.25,98233.81,2022-01-29 00:00:00,72
2022-02-01 06:00:00,-16.75,61.25,98425.75,2022-01-29 00:00:00,78
2022-02-01 12:00:00,-17.0,60.25,98155.31,2022-01-29 00:00:00,84
2022-02-01 18:00:00,-17.5,59.5,98129.94,2022-01-29 00:00:00,90
2022-02-02 00:00:00,-18.0,58.25,97697.0,2022-01-29 00:00:00,96
2022-02-02 06:00:00,-18.75,57.5,97546.56,2022-01-29 00:00:00,102
2022-02-02 12:00:00,-19.0,56.5,96986.94,2022-01-29 00:00:00,108
2022-02-02 18:00:00,-19.0,56.0,96735.56,2022-01-29 00:00:00,114
2022-02-03 00:00:00,-19.0,55.5,96347.19,2022-01-29 00:00:00,120
2022-02-03 06:00:00,-19.0,55.25,96705.81,2022-01-29 00:00:00,126
2022-02-03 12:00:00,-19.25,55.0,96368.12,2022-01-29 00:00:00,132
2022-02-03 18:00:00,-19.25,54.5,96790.94,2022-01-29 00:00:00,138
2022-02-04 00:00:00,-19.25,53.75,96610.56,2022-01-29 00:00:00,144
2022-02-04 06:00:00,-19.25,53.0,96444.56,2022-01-29 00:00:00,150
2022-02-04 12:00:00,-19.5,52.5,95874.31,2022-01-29 00:00:00,156
2022-02-04 18:00:00,-19.75,52.0,96030.62,2022-01-29 00:00:00,162
2022-02-05 00:00:00,-20.0,51.0,96328.25,2022-01-29 00:00:00,168
2022-02-05 06:00:00,-20.0,50.25,96262.44,2022-01-29 00:00:00,174
2022-02-05 12:00:00,-20.75,49.25,96463.44,2022-01-29 00:00:00,180
2022-02-05 18:00:00,-20.75,48.25,97316.0,2022-01-29 00:00:00,186
2022-02-06 00:00:00,-21.25,47.0,98507.31,2022-01-29 00:00:00,192
2022-02-06 06:00:00,-22.0,45.5,98897.62,2022-01-29 00:00:00,198
2022-02-06 12:00:00,-23.25,44.25,99047.88,2022-01-29 00:00:00,204
2022-02-06 18:00:00,-23.5,43.0,99058.75,2022-01-29 00:00:00,210
2022-02-07 00:00:00,-23.5,41.75,99052.12,2022-01-29 00:00:00,216
2022-02-07 06:00:00,-23.75,41.75,99268.06,2022-01-29 00:00:00,222
2022-02-07 12:00:00,-24.25,41.75,99170.19,2022-01-29 00:00:00,228
2022-02-07 18:00:00,-25.5,41.75,99214.5,2022-01-29 00:00:00,234
2022-02-08 00:00:00,-25.75,41.5,98889.81,2022-01-29 00:00:00,240
2022-02-08 06:00:00,-27.25,41.5,98969.12,2022-01-29 00:00:00,246
2022-02-08 12:00:00,-28.0,41.25,98891.38,2022-01-29 00:00:00,252
2022-02-08 18:00:00,-29.75,41.5,98923.06,2022-01-29 00:00:00,258
2022-02-09 00:00:00,-31.75,42.0,98657.31,2022-01-29 00:00:00,264
2022-02-09 06:00:00,-33.0,41.5,98436.44,2022-01-29 00:00:00,270
2022-02-09 12:00:00,-34.25,42.75,98386.0,2022-01-29 00:00:00,276
2022-02-09 18:00:00,-35.75,43.75,98360.44,2022-01-29 00:00:00,282
2022-02-10 00:00:00,-36.75,45.5,98438.62,2022-01-29 00:00:00,288
2022-02-08 18:00:00,-19.25,168.75,98971.31,2022-02-08 18:00:00,0
2022-02-09 00:00:00,-19.5,169.0,98648.56,2022-02-08 18:00:00,6
2022-02-09 06:00:00,-20.0,169.25,98526.19,2022-02-08 18:00:00,12
2022-02-09 12:00:00,-20.0,169.25,98623.25,2022-02-08 18:00:00,18
2022-02-09 18:00:00,-20.75,169.0,98299.69,2022-02-08 18:00:00,24
2022-02-10 00:00:00,-21.0,168.5,98150.12,2022-02-08 18:00:00,30
2022-02-10 06:00:00,-22.25,168.0,97856.88,2022-02-08 18:00:00,36
2022-02-10 12:00:00,-23.0,167.0,97934.56,2022-02-08 18:00:00,42
2022-02-10 18:00:00,-24.0,166.5,97516.62,2022-02-08 18:00:00,48
2022-02-11 00:00:00,-25.0,166.0,97624.75,2022-02-08 18:00:00,54
2022-02-11 06:00:00,-26.75,166.0,97349.56,2022-02-08 18:00:00,60
2022-02-11 12:00:00,-29.0,166.0,97326.38,2022-02-08 18:00:00,66
2022-02-11 18:00:00,-31.5,165.75,96967.25,2022-02-08 18:00:00,72
2022-02-12 00:00:00,-33.25,166.5,97473.44,2022-02-08 18:00:00,78
2022-02-12 06:00:00,-34.5,168.0,97568.88,2022-02-08 18:00:00,84
2022-02-12 12:00:00,-36.25,170.75,98238.81,2022-02-08 18:00:00,90
2022-02-12 18:00:00,-38.5,173.25,98296.88,2022-02-08 18:00:00,96
2022-02-13 00:00:00,-41.0,178.25,98883.56,2022-02-08 18:00:00,102
2022-02-15 12:00:00,-14.75,92.5,99516.88,2022-02-15 12:00:00,0
2022-02-16 00:00:00,-16.25,92.0,99274.69,2022-02-15 12:00:00,12
2022-02-16 06:00:00,-17.0,90.75,99306.44,2022-02-15 12:00:00,18
2022-02-16 12:00:00,-17.25,90.0,99003.31,2022-02-15 12:00:00,24
2022-02-16 18:00:00,-17.75,89.75,99173.12,2022-02-15 12:00:00,30
2022-02-17 00:00:00,-18.75,89.25,98997.31,2022-02-15 12:00:00,36
2022-02-17 06:00:00,-20.25,88.75,99120.19,2022-02-15 12:00:00,42
2022-02-17 12:00:00,-21.25,88.0,98933.19,2022-02-15 12:00:00,48
2022-02-17 18:00:00,-23.0,87.5,99076.19,2022-02-15 12:00:00,54
2022-02-18 00:00:00,-24.0,87.5,98707.12,2022-02-15 12:00:00,60
2022-02-18 06:00:00,-26.25,86.5,98585.75,2022-02-15 12:00:00,66
2022-02-18 12:00:00,-27.5,86.5,98512.62,2022-02-15 12:00:00,72
2022-02-18 18:00:00,-29.75,87.25,98613.0,2022-02-15 12:00:00,78
2022-02-19 00:00:00,-32.25,87.5,98051.44,2022-02-15 12:00:00,84
2022-02-19 06:00:00,-33.75,88.0,97805.0,2022-02-15 12:00:00,90
2022-02-19 12:00:00,-35.75,88.75,97568.75,2022-02-15 12:00:00,96
2022-02-19 18:00:00,-37.25,89.75,98027.81,2022-02-15 12:00:00,102
2022-02-15 18:00:00,-14.0,71.75,100279.8,2022-02-15 18:00:00,0
2022-02-16 12:00:00,-14.0,69.0,99447.31,2022-02-15 18:00:00,18
2022-02-16 18:00:00,-13.75,67.75,99519.38,2022-02-15 18:00:00,24
2022-02-17 00:00:00,-14.0,67.0,99119.31,2022-02-15 18:00:00,30
2022-02-17 06:00:00,-14.0,66.0,99293.19,2022-02-15 18:00:00,36
2022-02-17 12:00:00,-14.0,65.0,99065.69,2022-02-15 18:00:00,42
2022-02-17 18:00:00,-13.75,64.25,99157.69,2022-02-15 18:00:00,48
2022-02-18 00:00:00,-13.75,63.25,98749.12,2022-02-15 18:00:00,54
2022-02-18 06:00:00,-14.0,62.25,98867.25,2022-02-15 18:00:00,60
2022-02-18 12:00:00,-14.5,61.75,98593.88,2022-02-15 18:00:00,66
2022-02-18 18:00:00,-15.0,60.75,98721.75,2022-02-15 18:00:00,72
2022-02-19 00:00:00,-15.5,59.5,98277.44,2022-02-15 18:00:00,78
2022-02-19 06:00:00,-16.0,58.75,98306.75,2022-02-15 18:00:00,84
2022-02-19 12:00:00,-16.75,58.0,97837.25,2022-02-15 18:00:00,90
2022-02-19 18:00:00,-17.0,57.0,97928.56,2022-02-15 18:00:00,96
2022-02-20 00:00:00,-17.0,56.25,97466.94,2022-02-15 18:00:00,102
2022-02-20 06:00:00,-17.25,55.75,97712.69,2022-02-15 18:00:00,108
2022-02-20 12:00:00,-17.5,55.0,97392.44,2022-02-15 18:00:00,114
2022-02-20 18:00:00,-17.5,54.5,97335.56,2022-02-15 18:00:00,120
2022-02-21 00:00:00,-17.75,54.0,96980.0,2022-02-15 18:00:00,126
2022-02-21 06:00:00,-17.75,53.25,97008.5,2022-02-15 18:00:00,132
2022-02-21 12:00:00,-18.25,52.75,96809.12,2022-02-15 18:00:00,138
2022-02-21 18:00:00,-18.5,52.0,96854.81,2022-02-15 18:00:00,144
2022-02-22 00:00:00,-19.25,50.75,96642.75,2022-02-15 18:00:00,150
2022-02-22 06:00:00,-19.75,50.0,96873.88,2022-02-15 18:00:00,156
2022-02-22 12:00:00,-20.75,49.5,96788.5,2022-02-15 18:00:00,162
2022-02-22 18:00:00,-21.5,48.5,96913.0,2022-02-15 18:00:00,168
2022-02-23 00:00:00,-22.25,47.5,97822.69,2022-02-15 18:00:00,174
2022-02-23 06:00:00,-23.25,46.75,99132.5,2022-02-15 18:00:00,180
2022-02-23 12:00:00,-24.75,45.0,99166.81,2022-02-15 18:00:00,186
2022-02-23 18:00:00,-24.75,43.5,99328.62,2022-02-15 18:00:00,192
2022-02-24 00:00:00,-25.5,43.25,99300.56,2022-02-15 18:00:00,198
2022-02-24 06:00:00,-27.0,42.5,99487.56,2022-02-15 18:00:00,204
2022-02-24 12:00:00,-28.0,41.75,99288.44,2022-02-15 18:00:00,210
2022-02-24 18:00:00,-28.75,41.25,99357.81,2022-02-15 18:00:00,216
2022-02-25 00:00:00,-30.0,41.0,99115.12,2022-02-15 18:00:00,222
2022-02-25 06:00:00,-31.5,41.25,99037.75,2022-02-15 18:00:00,228
2022-02-25 12:00:00,-33.5,42.25,98818.31,2022-02-15 18:00:00,234
2022-02-25 18:00:00,-34.25,42.75,98786.0,2022-02-15 18:00:00,240
2022-02-26 00:00:00,-34.5,44.0,98638.5,2022-02-15 18:00:00,246
2022-02-24 12:00:00,-12.75,128.0,100310.2,2022-02-24 12:00:00,0
2022-02-24 18:00:00,-12.5,128.25,99999.06,2022-02-24 12:00:00,6
2022-02-25 00:00:00,-12.75,128.25,100053.4,2022-02-24 12:00:00,12
2022-02-25 06:00:00,-12.5,128.0,99612.0,2022-02-24 12:00:00,18
2022-02-25 12:00:00,-13.0,127.5,99692.31,2022-02-24 12:00:00,24
2022-02-25 18:00:00,-12.75,127.5,99088.75,2022-02-24 12:00:00,30
2022-02-26 00:00:00,-13.0,127.5,99041.5,2022-02-24 12:00:00,36
2022-02-26 06:00:00,-13.5,127.5,99051.38,2022-02-24 12:00:00,42
2022-02-26 12:00:00,-14.0,127.5,99228.06,2022-02-24 12:00:00,48
2022-02-26 18:00:00,-14.25,127.25,99064.88,2022-02-24 12:00:00,54
2022-02-27 00:00:00,-14.5,126.75,99136.5,2022-02-24 12:00:00,60
2022-02-27 06:00:00,-15.0,126.0,99015.44,2022-02-24 12:00:00,66
2022-02-27 12:00:00,-15.0,125.5,99438.81,2022-02-24 12:00:00,72
2022-02-27 18:00:00,-15.25,125.25,99457.38,2022-02-24 12:00:00,78
2022-02-28 00:00:00,-15.25,125.25,99859.38,2022-02-24 12:00:00,84
2022-02-28 06:00:00,-16.25,124.5,99642.81,2022-02-24 12:00:00,90
2022-02-28 18:00:00,-17.0,123.75,99636.5,2022-02-24 12:00:00,102
2022-03-01 12:00:00,-17.5,121.75,99647.94,2022-02-24 12:00:00,120
2022-03-01 18:00:00,-18.0,122.0,99451.94,2022-02-24 12:00:00,126
2022-03-02 00:00:00,-19.0,121.0,99368.25,2022-02-24 12:00:00,132
2022-03-02 06:00:00,-19.0,120.75,99222.06,2022-02-24 12:00:00,138
2022-03-02 12:00:00,-19.75,121.0,99293.5,2022-02-24 12:00:00,144
2022-03-02 18:00:00,-20.75,121.0,99016.94,2022-02-24 12:00:00,150
2022-03-03 00:00:00,-21.0,121.5,99516.44,2022-02-24 12:00:00,156
2022-03-03 06:00:00,-22.25,122.0,99244.56,2022-02-24 12:00:00,162
2022-03-03 12:00:00,-22.5,122.5,99939.19,2022-02-24 12:00:00,168
2022-02-25 12:00:00,-14.0,93.5,100349.1,2022-02-25 12:00:00,0
2022-02-25 18:00:00,-14.25,92.5,100336.2,2022-02-25 12:00:00,6
2022-02-26 00:00:00,-14.5,91.0,100155.5,2022-02-25 12:00:00,12
2022-02-26 06:00:00,-14.25,89.5,100202.6,2022-02-25 12:00:00,18
2022-02-26 12:00:00,-13.75,88.5,100056.3,2022-02-25 12:00:00,24
2022-02-27 00:00:00,-12.75,88.25,99948.5,2022-02-25 12:00:00,36
2022-02-27 06:00:00,-12.75,88.5,99924.19,2022-02-25 12:00:00,42
2022-02-27 12:00:00,-13.25,88.5,99689.31,2022-02-25 12:00:00,48
2022-02-27 18:00:00,-13.0,88.25,99896.38,2022-02-25 12:00:00,54
2022-02-28 00:00:00,-13.25,87.75,99515.88,2022-02-25 12:00:00,60
2022-02-28 06:00:00,-13.75,87.75,99499.31,2022-02-25 12:00:00,66
2022-02-28 12:00:00,-14.0,87.5,99338.62,2022-02-25 12:00:00,72
2022-02-28 18:00:00,-14.75,87.0,99517.88,2022-02-25 12:00:00,78
2022-03-01 00:00:00,-15.25,86.75,99412.38,2022-02-25 12:00:00,84
2022-03-01 06:00:00,-16.0,86.0,99379.44,2022-02-25 12:00:00,90
2022-03-01 12:00:00,-17.0,85.5,99285.94,2022-02-25 12:00:00,96
2022-03-01 18:00:00,-17.25,84.75,99510.19,2022-02-25 12:00:00,102
2022-03-02 00:00:00,-18.25,84.25,99425.75,2022-02-25 12:00:00,108
2022-03-02 06:00:00,-19.0,83.5,99116.31,2022-02-25 12:00:00,114
2022-03-02 12:00:00,-19.75,83.25,99028.5,2022-02-25 12:00:00,120
2022-03-02 18:00:00,-20.75,82.5,99270.69,2022-02-25 12:00:00,126
2022-03-03 00:00:00,-22.0,82.0,99097.19,2022-02-25 12:00:00,132
2022-03-03 06:00:00,-23.25,81.25,99115.81,2022-02-25 12:00:00,138
2022-03-03 12:00:00,-24.75,81.0,99027.69,2022-02-25 12:00:00,144
2022-03-03 18:00:00,-26.0,80.5,99066.75,2022-02-25 12:00:00,150
2022-03-04 00:00:00,-27.25,80.0,99290.0,2022-02-25 12:00:00,156
2022-03-04 06:00:00,-28.25,79.75,99369.0,2022-02-25 12:00:00,162
2022-03-04 18:00:00,-29.75,79.5,99205.44,2022-02-25 12:00:00,174
2022-03-05 00:00:00,-30.5,79.5,99192.19,2022-02-25 12:00:00,180
2022-03-05 06:00:00,-30.75,79.5,99500.19,2022-02-25 12:00:00,186
2022-03-05 12:00:00,-31.5,79.75,99413.62,2022-02-25 12:00:00,192
2022-03-09 06:00:00,-14.75,45.75,100088.5,2022-03-09 06:00:00,0
2022-03-09 12:00:00,-15.25,45.0,99952.44,2022-03-09 06:00:00,6
2022-03-09 18:00:00,-15.25,44.0,100026.9,2022-03-09 06:00:00,12
2022-03-10 00:00:00,-15.25,43.5,99467.62,2022-03-09 06:00:00,18
2022-03-10 06:00:00,-15.75,42.5,99473.12,2022-03-09 06:00:00,24
2022-03-10 12:00:00,-15.75,42.0,99156.69,2022-03-09 06:00:00,30
2022-03-10 18:00:00,-16.0,41.25,99165.38,2022-03-09 06:00:00,36
2022-03-11 00:00:00,-15.75,40.25,98790.62,2022-03-09 06:00:00,42
2022-03-11 06:00:00,-15.5,39.75,99533.75,2022-03-09 06:00:00,48
2022-03-11 12:00:00,-15.25,39.0,99535.0,2022-03-09 06:00:00,54
2022-03-11 18:00:00,-15.0,38.25,99933.5,2022-03-09 06:00:00,60
2022-03-13 06:00:00,-12.25,105.25,100173.1,2022-03-13 06:00:00,0
2022-03-13 12:00:00,-13.5,104.5,100209.6,2022-03-13 06:00:00,6
2022-03-13 18:00:00,-14.0,103.0,100009.6,2022-03-13 06:00:00,12
2022-03-14 00:00:00,-14.75,101.75,99852.56,2022-03-13 06:00:00,18
2022-03-14 06:00:00,-15.5,100.5,99946.62,2022-03-13 06:00:00,24
2022-03-14 12:00:00,-16.25,99.5,99937.06,2022-03-13 06:00:00,30
2022-03-14 18:00:00,-16.5,98.5,99973.31,2022-03-13 06:00:00,36
2022-03-15 00:00:00,-16.75,97.75,99954.81,2022-03-13 06:00:00,42
2022-03-15 06:00:00,-17.0,97.0,99898.62,2022-03-13 06:00:00,48
2022-03-15 12:00:00,-17.5,96.0,99559.06,2022-03-13 06:00:00,54
2022-03-23 18:00:00,-12.5,76.25,100091.8,2022-03-23 18:00:00,0
2022-03-24 00:00:00,-13.0,75.5,99799.75,2022-03-23 18:00:00,6
2022-03-24 06:00:00,-12.75,75.5,99781.25,2022-03-23 18:00:00,12
2022-03-24 18:00:00,-13.0,74.5,99392.81,2022-03-23 18:00:00,24
2022-03-25 00:00:00,-13.25,73.75,98791.69,2022-03-23 18:00:00,30
2022-03-25 06:00:00,-13.75,73.5,98938.75,2022-03-23 18:00:00,36
2022-03-25 12:00:00,-14.0,73.25,98818.19,2022-03-23 18:00:00,42
2022-03-25 18:00:00,-14.5,73.25,99034.62,2022-03-23 18:00:00,48
2022-03-26 00:00:00,-15.25,73.5,98958.94,2022-03-23 18:00:00,54
2022-03-26 06:00:00,-16.25,73.75,99288.25,2022-03-23 18:00:00,60
2022-03-26 12:00:00,-17.25,74.5,99169.38,2022-03-23 18:00:00,66
2022-03-26 18:00:00,-18.5,75.0,99432.25,2022-03-23 18:00:00,72
2022-03-27 00:00:00,-19.5,75.75,99252.75,2022-03-23 18:00:00,78
2022-03-27 06:00:00,-20.25,76.5,99471.62,2022-03-23 18:00:00,84
2022-03-27 18:00:00,-21.5,78.75,99216.0,2022-03-23 18:00:00,96
2022-03-28 00:00:00,-22.0,79.75,99106.5,2022-03-23 18:00:00,102
2022-03-28 06:00:00,-22.5,80.5,99164.31,2022-03-23 18:00:00,108
2022-03-28 12:00:00,-22.5,81.0,98787.94,2022-03-23 18:00:00,114
2022-03-28 18:00:00,-22.25,81.5,99067.19,2022-03-23 18:00:00,120
2022-03-29 00:00:00,-22.0,82.25,99020.69,2022-03-23 18:00:00,126
2022-03-29 06:00:00,-21.5,82.0,99271.44,2022-03-23 18:00:00,132
2022-03-29 12:00:00,-21.25,82.5,99163.44,2022-03-23 18:00:00,138
2022-03-29 18:00:00,-21.0,82.0,99328.94,2022-03-23 18:00:00,144
2022-03-30 00:00:00,-20.0,82.0,99257.19,2022-03-23 18:00:00,150
2022-03-30 06:00:00,-19.75,82.25,99246.25,2022-03-23 18:00:00,156
2022-03-30 12:00:00,-19.5,82.25,99365.81,2022-03-23 18:00:00,162
2022-03-30 18:00:00,-19.25,82.5,99557.62,2022-03-23 18:00:00,168
2022-03-31 00:00:00,-19.5,83.0,99420.5,2022-03-23 18:00:00,174
2022-03-31 06:00:00,-19.25,83.5,99481.5,2022-03-23 18:00:00,180
2022-03-31 12:00:00,-19.5,84.0,99463.38,2022-03-23 18:00:00,186
2022-04-04 18:00:00,-17.5,161.0,99850.56,2022-04-04 18:00:00,0
2022-04-05 00:00:00,-17.75,160.75,99798.62,2022-04-04 18:00:00,6
2022-04-05 06:00:00,-18.25,161.0,99390.44,2022-04-04 18:00:00,12
2022-04-05 12:00:00,-18.25,161.5,99467.88,2022-04-04 18:00:00,18
2022-04-05 18:00:00,-19.0,162.0,98935.56,2022-04-04 18:00:00,24
2022-04-06 00:00:00,-19.25,162.0,99068.38,2022-04-04 18:00:00,30
2022-04-06 06:00:00,-20.0,162.75,98930.38,2022-04-04 18:00:00,36
2022-04-06 12:00:00,-21.0,163.5,99187.44,2022-04-04 18:00:00,42
2022-04-06 18:00:00,-21.75,164.0,98982.25,2022-04-04 18:00:00,48
2022-04-07 18:00:00,-24.75,165.25,99383.19,2022-04-04 18:00:00,72
2022-04-05 06:00:00,45.75,302.25,98365.19,2022-04-05 06:00:00,0
2022-04-05 12:00:00,46.5,307.5,98679.62,2022-04-05 06:00:00,6
2022-04-06 06:00:00,49.75,310.5,98417.62,2022-04-05 06:00:00,24
2022-04-06 12:00:00,49.5,312.5,98377.69,2022-04-05 06:00:00,30
2022-04-06 18:00:00,49.5,313.5,98484.0,2022-04-05 06:00:00,36
2022-04-07 00:00:00,49.0,314.25,98779.56,2022-04-05 06:00:00,42
2022-04-07 06:00:00,48.5,316.25,98879.25,2022-04-05 06:00:00,48
2022-04-07 12:00:00,48.5,318.5,99117.25,2022-04-05 06:00:00,54
2022-04-07 18:00:00,48.75,319.75,99270.19,2022-04-05 06:00:00,60
2022-04-08 00:00:00,48.5,320.75,99556.5,2022-04-05 06:00:00,66
2022-04-08 18:00:00,43.0,326.25,96731.31,2022-04-05 06:00:00,84
2022-04-09 06:00:00,46.75,330.0,95932.44,2022-04-05 06:00:00,96
2022-04-09 12:00:00,47.25,330.5,96095.44,2022-04-05 06:00:00,102
2022-04-09 18:00:00,47.25,331.75,96192.5,2022-04-05 06:00:00,108
2022-04-10 00:00:00,47.25,333.25,96467.69,2022-04-05 06:00:00,114
2022-04-11 00:00:00,12.5,136.5,99249.19,2022-04-11 00:00:00,0
2022-04-11 06:00:00,13.25,136.25,98794.12,2022-04-11 00:00:00,6
2022-04-11 12:00:00,14.0,136.0,98850.25,2022-04-11 00:00:00,12
2022-04-11 18:00:00,15.0,135.5,98370.81,2022-04-11 00:00:00,18
2022-04-12 00:00:00,15.75,135.25,98407.0,2022-04-11 00:00:00,24
2022-04-12 06:00:00,16.25,135.0,97975.75,2022-04-11 00:00:00,30
2022-04-12 12:00:00,16.25,135.25,97855.5,2022-04-11 00:00:00,36
2022-04-12 18:00:00,17.0,136.0,97328.56,2022-04-11 00:00:00,42
2022-04-13 00:00:00,17.5,136.5,97591.5,2022-04-11 00:00:00,48
2022-04-13 06:00:00,18.0,137.0,97161.69,2022-04-11 00:00:00,54
2022-04-13 12:00:00,18.75,137.5,97087.12,2022-04-11 00:00:00,60
2022-04-13 18:00:00,20.0,137.5,96962.0,2022-04-11 00:00:00,66
2022-04-14 00:00:00,20.75,137.75,97419.19,2022-04-11 00:00:00,72
2022-04-14 06:00:00,22.0,138.25,97118.25,2022-04-11 00:00:00,78
2022-04-14 12:00:00,23.0,138.75,97193.06,2022-04-11 00:00:00,84
2022-04-14 18:00:00,24.5,139.75,96926.38,2022-04-11 00:00:00,90
2022-04-15 00:00:00,26.25,140.75,96974.81,2022-04-11 00:00:00,96
2022-04-15 06:00:00,28.25,142.0,96811.12,2022-04-11 00:00:00,102
2022-04-15 12:00:00,30.0,143.75,97081.25,2022-04-11 00:00:00,108
2022-04-15 18:00:00,32.0,146.25,97085.62,2022-04-11 00:00:00,114
2022-04-16 00:00:00,34.25,149.25,97536.06,2022-04-11 00:00:00,120
2022-04-16 06:00:00,37.5,153.25,97636.62,2022-04-11 00:00:00,126
2022-04-12 18:00:00,-35.75,177.5,98638.56,2022-04-12 18:00:00,0
2022-04-13 00:00:00,-36.5,178.25,98750.75,2022-04-12 18:00:00,6
2022-04-13 06:00:00,-37.75,179.75,98787.19,2022-04-12 18:00:00,12
2022-04-13 12:00:00,-39.0,181.25,98974.12,2022-04-12 18:00:00,18
2022-04-13 18:00:00,-40.5,182.5,99081.5,2022-04-12 18:00:00,24
2022-04-14 00:00:00,-41.0,184.0,99333.44,2022-04-12 18:00:00,30
2022-04-14 06:00:00,-41.75,186.0,99458.25,2022-04-12 18:00:00,36
2022-04-14 12:00:00,-42.25,188.25,99727.31,2022-04-12 18:00:00,42
2022-04-14 18:00:00,-43.0,191.0,99815.88,2022-04-12 18:00:00,48
2022-04-15 00:00:00,-43.5,194.0,99900.06,2022-04-12 18:00:00,54
2022-04-23 18:00:00,-16.5,40.25,100141.1,2022-04-23 18:00:00,0
2022-04-24 00:00:00,-17.0,40.0,99682.81,2022-04-23 18:00:00,6
2022-04-24 06:00:00,-17.5,39.75,99816.56,2022-04-23 18:00:00,12
2022-04-24 12:00:00,-18.25,40.0,99702.62,2022-04-23 18:00:00,18
2022-04-24 18:00:00,-19.25,39.75,99919.62,2022-04-23 18:00:00,24
2022-04-25 00:00:00,-19.75,39.75,99734.94,2022-04-23 18:00:00,30
2022-04-25 12:00:00,-21.25,40.5,100025.0,2022-04-23 18:00:00,42
2022-04-25 18:00:00,-22.0,41.0,100261.3,2022-04-23 18:00:00,48
2022-04-26 00:00:00,-22.5,41.5,99992.88,2022-04-23 18:00:00,54
2022-04-26 18:00:00,-23.5,44.5,100439.6,2022-04-23 18:00:00,72
2022-05-07 06:00:00,-8.25,89.75,99682.81,2022-05-07 06:00:00,0
2022-05-07 12:00:00,-8.75,90.0,99420.06,2022-05-07 06:00:00,6
2022-05-07 18:00:00,-9.5,90.25,99420.69,2022-05-07 06:00:00,12
2022-05-08 00:00:00,-10.0,89.75,98996.25,2022-05-07 06:00:00,18
2022-05-08 06:00:00,-10.0,89.5,98810.0,2022-05-07 06:00:00,24
2022-05-08 12:00:00,-10.5,90.25,98514.5,2022-05-07 06:00:00,30
2022-05-08 18:00:00,-11.25,90.75,98433.31,2022-05-07 06:00:00,36
2022-05-09 00:00:00,-12.0,90.75,98174.75,2022-05-07 06:00:00,42
2022-05-09 06:00:00,-12.5,90.75,98087.88,2022-05-07 06:00:00,48
2022-05-09 12:00:00,-13.5,90.75,98022.38,2022-05-07 06:00:00,54
2022-05-09 18:00:00,-14.0,91.0,98244.81,2022-05-07 06:00:00,60
2022-05-10 00:00:00,-15.25,91.5,98082.06,2022-05-07 06:00:00,66
2022-05-10 06:00:00,-16.75,92.0,98088.25,2022-05-07 06:00:00,72
2022-05-10 12:00:00,-17.75,92.5,98297.81,2022-05-07 06:00:00,78
2022-05-10 18:00:00,-19.0,93.0,98486.31,2022-05-07 06:00:00,84
2022-05-11 00:00:00,-19.5,94.0,99055.88,2022-05-07 06:00:00,90
2022-05-07 18:00:00,10.75,90.0,99638.94,2022-05-07 18:00:00,0
2022-05-08 12:00:00,12.5,87.5,98907.5,2022-05-07 18:00:00,18
2022-05-08 18:00:00,13.25,86.75,98860.06,2022-05-07 18:00:00,24
2022-05-09 00:00:00,13.5,86.0,98368.25,2022-05-07 18:00:00,30
2022-05-09 06:00:00,14.0,85.5,97772.12,2022-05-07 18:00:00,36
2022-05-09 12:00:00,14.5,84.75,97993.38,2022-05-07 18:00:00,42
2022-05-09 18:00:00,14.25,83.75,97540.56,2022-05-07 18:00:00,48
2022-05-10 00:00:00,14.5,83.5,97371.31,2022-05-07 18:00:00,54
2022-05-10 06:00:00,14.75,82.75,98088.0,2022-05-07 18:00:00,60
2022-05-10 12:00:00,15.0,82.25,98235.31,2022-05-07 18:00:00,66
2022-05-10 18:00:00,15.25,81.75,98495.31,2022-05-07 18:00:00,72
2022-06-15 18:00:00,15.5,256.5,100103.2,2022-06-15 18:00:00,0
2022-06-16 00:00:00,15.75,257.0,99730.94,2022-06-15 18:00:00,6
2022-06-16 06:00:00,16.0,256.5,99961.94,2022-06-15 18:00:00,12
2022-06-16 12:00:00,16.0,255.75,99651.69,2022-06-15 18:00:00,18
2022-06-16 18:00:00,16.25,254.75,99649.38,2022-06-15 18:00:00,24
2022-06-17 00:00:00,16.75,253.75,99427.62,2022-06-15 18:00:00,30
2022-06-17 06:00:00,17.0,253.0,99327.38,2022-06-15 18:00:00,36
2022-06-17 12:00:00,17.5,251.75,99179.31,2022-06-15 18:00:00,42
2022-06-17 18:00:00,17.5,250.75,99422.75,2022-06-15 18:00:00,48
2022-06-18 00:00:00,17.75,250.0,99431.19,2022-06-15 18:00:00,54
2022-06-18 06:00:00,18.0,249.5,99814.81,2022-06-15 18:00:00,60
2022-06-18 12:00:00,18.0,249.0,99704.56,2022-06-15 18:00:00,66
2022-06-19 00:00:00,19.0,248.25,99856.75,2022-06-15 18:00:00,78
2022-06-19 06:00:00,19.25,247.75,100184.4,2022-06-15 18:00:00,84
2022-06-22 18:00:00,13.5,256.25,100348.9,2022-06-22 18:00:00,0
2022-06-23 06:00:00,15.25,255.5,100237.8,2022-06-22 18:00:00,12
2022-06-23 18:00:00,16.5,253.25,100072.5,2022-06-22 18:00:00,24
2022-06-24 00:00:00,16.5,252.5,99866.75,2022-06-22 18:00:00,30
2022-06-24 06:00:00,17.25,251.75,99896.69,2022-06-22 18:00:00,36
2022-06-24 12:00:00,17.0,251.25,99726.62,2022-06-22 18:00:00,42
2022-06-24 18:00:00,17.0,251.0,99758.5,2022-06-22 18:00:00,48
2022-06-25 00:00:00,17.5,251.0,99543.44,2022-06-22 18:00:00,54
2022-06-25 06:00:00,18.0,250.5,99688.88,2022-06-22 18:00:00,60
2022-06-25 12:00:00,18.75,249.5,99638.06,2022-06-22 18:00:00,66
2022-06-25 18:00:00,18.5,248.5,99758.69,2022-06-22 18:00:00,72
2022-06-26 00:00:00,19.0,248.0,99618.88,2022-06-22 18:00:00,78
2022-06-26 06:00:00,19.25,247.5,99901.25,2022-06-22 18:00:00,84
2022-06-26 12:00:00,19.25,246.5,99771.75,2022-06-22 18:00:00,90
2022-06-26 18:00:00,19.25,245.75,100036.2,2022-06-22 18:00:00,96
2022-06-27 00:00:00,19.5,245.25,99862.69,2022-06-22 18:00:00,102
2022-06-27 06:00:00,20.0,244.5,100173.9,2022-06-22 18:00:00,108
2022-06-27 12:00:00,20.25,243.75,100074.1,2022-06-22 18:00:00,114
2022-06-30 00:00:00,16.0,115.5,99530.38,2022-06-30 00:00:00,0
2022-06-30 06:00:00,16.5,115.0,99282.75,2022-06-30 00:00:00,6
2022-06-30 12:00:00,16.75,114.75,99067.12,2022-06-30 00:00:00,12
2022-06-30 18:00:00,18.0,114.75,98982.19,2022-06-30 00:00:00,18
2022-07-01 00:00:00,18.5,114.0,98920.69,2022-06-30 00:00:00,24
2022-07-01 06:00:00,19.5,113.5,98618.06,2022-06-30 00:00:00,30
2022-07-01 12:00:00,19.5,112.5,98364.06,2022-06-30 00:00:00,36
2022-07-01 18:00:00,20.0,112.25,98139.38,2022-06-30 00:00:00,42
2022-07-02 00:00:00,20.75,111.75,98092.94,2022-06-30 00:00:00,48
2022-07-02 06:00:00,21.5,111.0,98175.81,2022-06-30 00:00:00,54
2022-07-02 12:00:00,22.0,110.5,98553.12,2022-06-30 00:00:00,60
2022-07-03 06:00:00,11.75,270.0,100600.8,2022-07-03 06:00:00,0
2022-07-03 12:00:00,11.75,268.25,100479.1,2022-07-03 06:00:00,6
2022-07-03 18:00:00,12.25,266.75,100500.4,2022-07-03 06:00:00,12
2022-07-04 00:00:00,13.0,265.25,100320.3,2022-07-03 06:00:00,18
2022-07-04 06:00:00,13.5,263.5,100283.4,2022-07-03 06:00:00,24
2022-07-04 12:00:00,14.0,261.75,100028.8,2022-07-03 06:00:00,30
2022-07-04 18:00:00,14.25,260.0,100099.4,2022-07-03 06:00:00,36
2022-07-05 00:00:00,14.5,259.0,100061.2,2022-07-03 06:00:00,42
2022-07-05 06:00:00,15.0,257.5,100344.9,2022-07-03 06:00:00,48
2022-07-05 12:00:00,15.5,256.25,99982.19,2022-07-03 06:00:00,54
2022-07-05 18:00:00,15.75,254.75,100155.8,2022-07-03 06:00:00,60
2022-07-06 00:00:00,15.75,253.75,99863.12,2022-07-03 06:00:00,66
2022-07-06 06:00:00,16.0,252.5,100195.6,2022-07-03 06:00:00,72
2022-07-06 12:00:00,16.0,251.5,99907.5,2022-07-03 06:00:00,78
2022-07-06 18:00:00,16.25,250.5,99982.38,2022-07-03 06:00:00,84
2022-07-07 00:00:00,16.5,249.25,99776.69,2022-07-03 06:00:00,90
2022-07-07 06:00:00,16.75,248.0,99932.06,2022-07-03 06:00:00,96
2022-07-07 12:00:00,17.0,246.75,99612.25,2022-07-03 06:00:00,102
2022-07-07 18:00:00,17.5,245.5,99745.56,2022-07-03 06:00:00,108
2022-07-08 00:00:00,17.75,244.0,99644.5,2022-07-03 06:00:00,114
2022-07-08 06:00:00,18.0,242.5,100031.9,2022-07-03 06:00:00,120
2022-07-15 06:00:00,11.5,260.25,100922.8,2022-07-15 06:00:00,0
2022-07-15 18:00:00,12.5,258.75,100772.1,2022-07-15 06:00:00,12
2022-07-16 00:00:00,13.0,258.25,100662.4,2022-07-15 06:00:00,18
2022-07-16 06:00:00,13.5,257.25,100733.1,2022-07-15 06:00:00,24
2022-07-16 12:00:00,14.0,256.5,100434.4,2022-07-15 06:00:00,30
2022-07-16 18:00:00,14.25,255.75,100428.9,2022-07-15 06:00:00,36
2022-07-17 00:00:00,14.75,255.25,100075.1,2022-07-15 06:00:00,42
2022-07-17 06:00:00,15.5,254.5,100120.9,2022-07-15 06:00:00,48
2022-07-17 12:00:00,16.0,253.5,99819.31,2022-07-15 06:00:00,54
2022-07-17 18:00:00,16.25,252.25,99817.94,2022-07-15 06:00:00,60
2022-07-18 00:00:00,16.75,251.5,99577.75,2022-07-15 06:00:00,66
2022-07-18 06:00:00,17.5,250.5,99765.44,2022-07-15 06:00:00,72
2022-07-18 12:00:00,17.75,249.25,99442.62,2022-07-15 06:00:00,78
2022-07-18 18:00:00,18.0,247.75,99486.56,2022-07-15 06:00:00,84
2022-07-19 00:00:00,18.25,246.5,99546.44,2022-07-15 06:00:00,90
2022-07-19 06:00:00,18.5,245.75,99834.25,2022-07-15 06:00:00,96
2022-07-19 12:00:00,19.0,244.75,99691.38,2022-07-15 06:00:00,102
2022-07-19 18:00:00,19.5,243.75,99635.5,2022-07-15 06:00:00,108
2022-07-20 00:00:00,20.0,242.25,99478.25,2022-07-15 06:00:00,114
2022-07-20 06:00:00,20.25,241.0,99804.62,2022-07-15 06:00:00,120
2022-07-20 12:00:00,21.0,239.75,99832.56,2022-07-15 06:00:00,126
2022-07-20 18:00:00,21.25,238.5,100220.1,2022-07-15 06:00:00,132
2022-07-21 00:00:00,21.75,237.25,100218.8,2022-07-15 06:00:00,138
2022-07-28 06:00:00,-10.0,93.75,100191.0,2022-07-28 06:00:00,0
2022-07-28 12:00:00,-9.75,94.75,100141.7,2022-07-28 06:00:00,6
2022-07-28 18:00:00,-11.0,94.75,100095.6,2022-07-28 06:00:00,12
2022-07-29 00:00:00,-11.5,94.75,99687.81,2022-07-28 06:00:00,18
2022-07-29 06:00:00,-12.25,94.25,99293.5,2022-07-28 06:00:00,24
2022-07-29 12:00:00,-12.5,94.25,99488.38,2022-07-28 06:00:00,30
2022-07-29 18:00:00,-13.0,93.75,99856.38,2022-07-28 06:00:00,36
2022-07-30 00:00:00,-13.25,93.5,99877.94,2022-07-28 06:00:00,42
2022-07-30 06:00:00,-13.5,93.0,100034.9,2022-07-28 06:00:00,48
2022-07-30 12:00:00,-13.75,92.75,100006.8,2022-07-28 06:00:00,54
2022-07-28 12:00:00,13.25,250.25,100392.4,2022-07-28 12:00:00,0
2022-07-29 06:00:00,13.75,248.5,100048.2,2022-07-28 12:00:00,18
2022-07-29 12:00:00,14.25,247.25,99682.12,2022-07-28 12:00:00,24
2022-07-29 18:00:00,14.5,246.25,99760.12,2022-07-28 12:00:00,30
2022-07-30 00:00:00,15.25,245.75,99416.69,2022-07-28 12:00:00,36
2022-07-30 06:00:00,15.75,245.0,99577.94,2022-07-28 12:00:00,42
2022-07-30 12:00:00,16.5,244.0,99043.56,2022-07-28 12:00:00,48
2022-07-30 18:00:00,17.0,243.0,99034.06,2022-07-28 12:00:00,54
2022-07-31 00:00:00,17.5,242.25,98876.88,2022-07-28 12:00:00,60
2022-07-31 06:00:00,18.0,241.5,99105.38,2022-07-28 12:00:00,66
2022-07-31 12:00:00,19.0,241.0,98699.75,2022-07-28 12:00:00,72
2022-07-31 18:00:00,19.75,240.0,98843.5,2022-07-28 12:00:00,78
2022-08-01 00:00:00,20.5,239.0,98831.12,2022-07-28 12:00:00,84
2022-08-01 06:00:00,21.25,238.5,99154.69,2022-07-28 12:00:00,90
2022-08-01 12:00:00,21.75,237.75,99229.06,2022-07-28 12:00:00,96
2022-08-01 18:00:00,22.25,237.0,99635.94,2022-07-28 12:00:00,102
2022-08-02 00:00:00,23.0,236.25,99712.81,2022-07-28 12:00:00,108
2022-08-02 06:00:00,23.5,235.5,100085.7,2022-07-28 12:00:00,114
2022-08-02 12:00:00,24.5,234.75,100155.2,2022-07-28 12:00:00,120
2022-08-02 18:00:00,25.25,234.25,100466.6,2022-07-28 12:00:00,126
2022-08-03 00:00:00,26.0,233.75,100453.8,2022-07-28 12:00:00,132
2022-08-03 06:00:00,27.0,233.0,100714.2,2022-07-28 12:00:00,138
2022-08-19 00:00:00,20.75,89.75,99250.19,2022-08-19 00:00:00,0
2022-08-19 12:00:00,21.75,88.25,98987.62,2022-08-19 00:00:00,12
2022-08-19 18:00:00,22.5,87.5,99342.81,2022-08-19 00:00:00,18
2022-08-20 00:00:00,22.5,86.0,99234.06,2022-08-19 00:00:00,24
2022-08-20 06:00:00,22.75,85.0,99506.62,2022-08-19 00:00:00,30
2022-08-20 12:00:00,23.75,84.0,99303.81,2022-08-19 00:00:00,36
2022-08-20 18:00:00,24.0,83.5,99424.62,2022-08-19 00:00:00,42
2022-08-21 06:00:00,24.0,81.5,99474.62,2022-08-19 00:00:00,54
2022-08-21 12:00:00,24.0,80.75,99261.75,2022-08-19 00:00:00,60
2022-08-21 18:00:00,23.75,79.5,99353.75,2022-08-19 00:00:00,66
2022-08-22 00:00:00,23.75,79.25,99169.88,2022-08-19 00:00:00,72
2022-08-22 06:00:00,24.0,79.0,99462.75,2022-08-19 00:00:00,78
2022-08-22 12:00:00,24.75,78.75,99276.94,2022-08-19 00:00:00,84
2022-08-22 18:00:00,24.5,77.0,99571.12,2022-08-19 00:00:00,90
2022-08-22 00:00:00,24.25,151.5,100421.4,2022-08-22 00:00:00,0
2022-08-22 06:00:00,25.5,151.5,100244.5,2022-08-22 00:00:00,6
2022-08-22 12:00:00,26.5,151.25,100354.9,2022-08-22 00:00:00,12
2022-08-22 18:00:00,27.5,150.75,100164.6,2022-08-22 00:00:00,18
2022-08-23 00:00:00,29.0,150.25,100231.1,2022-08-22 00:00:00,24
2022-08-23 06:00:00,30.25,149.5,100083.8,2022-08-22 00:00:00,30
2022-08-23 12:00:00,31.5,149.0,99984.88,2022-08-22 00:00:00,36
2022-08-23 18:00:00,32.75,148.5,99748.75,2022-08-22 00:00:00,42
2022-08-24 00:00:00,34.0,148.5,99762.88,2022-08-22 00:00:00,48
2022-08-24 06:00:00,35.25,148.75,99532.06,2022-08-22 00:00:00,54
2022-08-24 12:00:00,36.25,149.25,99478.19,2022-08-22 00:00:00,60
2022-08-24 18:00:00,37.5,150.0,99336.5,2022-08-22 00:00:00,66
2022-08-25 00:00:00,39.0,151.25,99421.56,2022-08-22 00:00:00,72
2022-08-25 06:00:00,40.75,152.75,99432.31,2022-08-22 00:00:00,78
2022-08-25 18:00:00,44.75,157.5,99700.94,2022-08-22 00:00:00,90
2022-08-22 06:00:00,16.5,124.0,99606.0,2022-08-22 06:00:00,0
2022-08-23 00:00:00,17.25,122.75,99426.81,2022-08-22 06:00:00,18
2022-08-23 06:00:00,18.25,121.5,99370.0,2022-08-22 06:00:00,24
2022-08-23 12:00:00,18.75,120.25,99368.38,2022-08-22 06:00:00,30
2022-08-23 18:00:00,19.0,118.75,99135.0,2022-08-22 06:00:00,36
2022-08-24 00:00:00,19.25,117.75,99145.38,2022-08-22 06:00:00,42
2022-08-24 06:00:00,20.25,116.5,98912.31,2022-08-22 06:00:00,48
2022-08-24 12:00:00,20.25,114.5,99010.44,2022-08-22 06:00:00,54
2022-08-24 18:00:00,20.75,113.5,98935.0,2022-08-22 06:00:00,60
2022-08-25 00:00:00,21.25,112.0,99052.31,2022-08-22 06:00:00,66
2022-08-25 06:00:00,21.75,110.0,99317.31,2022-08-22 06:00:00,72
2022-08-25 18:00:00,21.75,105.75,99715.94,2022-08-22 06:00:00,84
2022-08-28 06:00:00,26.0,149.25,100780.0,2022-08-28 06:00:00,0
2022-08-28 12:00:00,27.0,148.0,100818.6,2022-08-28 06:00:00,6
2022-08-28 18:00:00,27.25,146.25,100541.4,2022-08-28 06:00:00,12
2022-08-29 00:00:00,27.25,145.0,100542.7,2022-08-28 06:00:00,18
2022-08-29 06:00:00,27.5,143.0,100271.9,2022-08-28 06:00:00,24
2022-08-29 12:00:00,27.25,141.0,100208.1,2022-08-28 06:00:00,30
2022-08-29 18:00:00,27.0,139.0,99916.19,2022-08-28 06:00:00,36
2022-08-30 00:00:00,26.75,137.0,99987.62,2022-08-28 06:00:00,42
2022-08-30 06:00:00,26.5,135.25,99731.88,2022-08-28 06:00:00,48
2022-08-30 12:00:00,26.25,133.75,99385.81,2022-08-28 06:00:00,54
2022-08-30 18:00:00,26.25,132.0,98997.88,2022-08-28 06:00:00,60
2022-08-31 00:00:00,26.0,130.25,98986.06,2022-08-28 06:00:00,66
2022-08-31 06:00:00,25.25,129.0,98656.06,2022-08-28 06:00:00,72
2022-08-31 12:00:00,24.5,127.75,98482.88,2022-08-28 06:00:00,78
2022-08-31 18:00:00,23.5,126.5,98257.62,2022-08-28 06:00:00,84
2022-09-01 00:00:00,22.75,126.0,98325.56,2022-08-28 06:00:00,90
2022-09-01 06:00:00,22.0,125.5,98239.19,2022-08-28 06:00:00,96
2022-09-01 12:00:00,21.25,125.5,98102.81,2022-08-28 06:00:00,102
2022-09-01 18:00:00,21.75,125.5,97783.12,2022-08-28 06:00:00,108
2022-09-02 00:00:00,21.75,125.25,97878.06,2022-08-28 06:00:00,114
2022-09-02 06:00:00,22.0,124.75,97538.0,2022-08-28 06:00:00,120
2022-09-02 12:00:00,22.25,125.0,97734.81,2022-08-28 06:00:00,126
2022-09-02 18:00:00,22.75,124.75,97541.19,2022-08-28 06:00:00,132
2022-09-03 00:00:00,23.0,124.75,97476.38,2022-08-28 06:00:00,138
2022-09-03 06:00:00,23.75,124.75,97211.25,2022-08-28 06:00:00,144
2022-09-03 12:00:00,24.5,124.75,96894.12,2022-08-28 06:00:00,150
2022-09-03 18:00:00,25.25,124.5,96751.25,2022-08-28 06:00:00,156
2022-09-04 00:00:00,26.0,124.5,96799.25,2022-08-28 06:00:00,162
2022-09-04 06:00:00,27.0,124.5,96412.88,2022-08-28 06:00:00,168
2022-09-04 12:00:00,27.5,124.5,96437.88,2022-08-28 06:00:00,174
2022-09-04 18:00:00,28.75,124.5,96317.5,2022-08-28 06:00:00,180
2022-09-05 00:00:00,29.5,124.75,96512.5,2022-08-28 06:00:00,186
2022-09-05 06:00:00,30.75,125.5,96428.0,2022-08-28 06:00:00,192
2022-09-05 12:00:00,32.25,126.75,96727.94,2022-08-28 06:00:00,198
2022-09-05 18:00:00,34.25,128.0,97127.31,2022-08-28 06:00:00,204
2022-09-06 00:00:00,36.5,130.25,98118.0,2022-08-28 06:00:00,210
2022-09-06 06:00:00,39.5,133.25,98244.88,2022-08-28 06:00:00,216
2022-09-06 12:00:00,43.5,136.0,98369.56,2022-08-28 06:00:00,222
2022-09-02 00:00:00,38.0,316.0,100939.6,2022-09-02 00:00:00,0
2022-09-02 06:00:00,38.0,316.25,100657.8,2022-09-02 00:00:00,6
2022-09-02 12:00:00,38.0,316.5,100559.8,2022-09-02 00:00:00,12
2022-09-02 18:00:00,38.0,316.5,100348.9,2022-09-02 00:00:00,18
2022-09-03 00:00:00,38.0,316.5,100257.6,2022-09-02 00:00:00,24
2022-09-03 06:00:00,38.0,316.25,100087.0,2022-09-02 00:00:00,30
2022-09-03 12:00:00,38.0,315.75,99940.38,2022-09-02 00:00:00,36
2022-09-03 18:00:00,38.0,315.25,99715.0,2022-09-02 00:00:00,42
2022-09-04 00:00:00,38.0,315.0,99525.25,2022-09-02 00:00:00,48
2022-09-04 06:00:00,38.0,314.5,99337.38,2022-09-02 00:00:00,54
2022-09-04 12:00:00,38.0,314.5,99355.38,2022-09-02 00:00:00,60
2022-09-04 18:00:00,38.25,314.75,99098.0,2022-09-02 00:00:00,66
2022-09-05 00:00:00,38.5,315.0,98862.5,2022-09-02 00:00:00,72
2022-09-05 06:00:00,39.25,315.25,98568.5,2022-09-02 00:00:00,78
2022-09-05 12:00:00,39.75,315.75,98543.94,2022-09-02 00:00:00,84
2022-09-05 18:00:00,40.75,316.25,98351.31,2022-09-02 00:00:00,90
2022-09-06 00:00:00,41.25,317.0,98161.0,2022-09-02 00:00:00,96
2022-09-06 06:00:00,41.75,317.5,97797.12,2022-09-02 00:00:00,102
2022-09-06 12:00:00,42.0,318.0,97719.06,2022-09-02 00:00:00,108
2022-09-06 18:00:00,42.25,319.0,97619.0,2022-09-02 00:00:00,114
2022-09-07 00:00:00,42.25,320.0,97427.25,2022-09-02 00:00:00,120
2022-09-07 06:00:00,43.0,321.25,97316.94,2022-09-02 00:00:00,126
2022-09-07 12:00:00,43.5,322.75,97253.19,2022-09-02 00:00:00,132
2022-09-07 18:00:00,44.25,324.25,97094.62,2022-09-02 00:00:00,138
2022-09-08 00:00:00,45.25,326.0,97261.19,2022-09-02 00:00:00,144
2022-09-08 06:00:00,46.25,327.75,97190.75,2022-09-02 00:00:00,150
2022-09-08 12:00:00,47.25,328.75,97293.0,2022-09-02 00:00:00,156
2022-09-08 18:00:00,48.5,329.25,97268.5,2022-09-02 00:00:00,162
2022-09-09 00:00:00,49.75,329.25,97529.88,2022-09-02 00:00:00,168
2022-09-09 06:00:00,51.0,328.75,97625.62,2022-09-02 00:00:00,174
2022-09-09 12:00:00,51.0,326.75,97896.0,2022-09-02 00:00:00,180
2022-09-09 18:00:00,49.75,325.0,98189.31,2022-09-02 00:00:00,186
2022-09-10 00:00:00,47.75,326.0,98727.0,2022-09-02 00:00:00,192
2022-09-04 18:00:00,15.0,257.75,100177.8,2022-09-04 18:00:00,0
2022-09-05 00:00:00,15.5,256.5,99792.75,2022-09-04 18:00:00,6
2022-09-05 06:00:00,16.0,255.0,99683.5,2022-09-04 18:00:00,12
2022-09-05 12:00:00,15.25,253.5,99182.69,2022-09-04 18:00:00,18
2022-09-05 18:00:00,15.75,253.0,99059.56,2022-09-04 18:00:00,24
2022-09-06 00:00:00,16.0,252.25,98741.75,2022-09-04 18:00:00,30
2022-09-06 06:00:00,17.0,251.75,98851.88,2022-09-04 18:00:00,36
2022-09-06 12:00:00,17.75,250.5,98520.81,2022-09-04 18:00:00,42
2022-09-06 18:00:00,18.5,249.25,98688.25,2022-09-04 18:00:00,48
2022-09-07 00:00:00,19.0,248.5,98366.0,2022-09-04 18:00:00,54
2022-09-07 06:00:00,19.75,248.0,98411.44,2022-09-04 18:00:00,60
2022-09-07 12:00:00,20.75,247.5,97983.19,2022-09-04 18:00:00,66
2022-09-07 18:00:00,21.5,247.25,98203.88,2022-09-04 18:00:00,72
2022-09-08 00:00:00,22.75,247.0,98161.69,2022-09-04 18:00:00,78
2022-09-08 06:00:00,23.75,246.75,98337.75,2022-09-04 18:00:00,84
2022-09-08 12:00:00,25.25,246.5,98437.0,2022-09-04 18:00:00,90
2022-09-08 18:00:00,26.5,246.0,98500.25,2022-09-04 18:00:00,96
2022-09-09 00:00:00,28.0,245.0,98712.88,2022-09-04 18:00:00,102
2022-09-09 06:00:00,28.75,244.5,99078.12,2022-09-04 18:00:00,108
2022-09-09 12:00:00,30.0,243.75,99381.75,2022-09-04 18:00:00,114
2022-09-09 18:00:00,30.75,243.0,99738.06,2022-09-04 18:00:00,120
2022-09-05 00:00:00,20.25,295.0,100492.0,2022-09-05 00:00:00,0
2022-09-05 06:00:00,21.0,295.0,100075.2,2022-09-05 00:00:00,6
2022-09-05 18:00:00,22.25,295.0,100017.8,2022-09-05 00:00:00,18
2022-09-06 00:00:00,22.5,295.0,100155.5,2022-09-05 00:00:00,24
2022-09-06 06:00:00,23.0,294.75,100119.6,2022-09-05 00:00:00,30
2022-09-06 12:00:00,23.5,294.25,99974.31,2022-09-05 00:00:00,36
2022-09-06 18:00:00,24.0,294.5,99788.25,2022-09-05 00:00:00,42
2022-09-07 00:00:00,24.5,294.25,99198.25,2022-09-05 00:00:00,48
2022-09-07 06:00:00,24.75,294.25,99069.19,2022-09-05 00:00:00,54
2022-09-07 12:00:00,25.5,294.25,98351.19,2022-09-05 00:00:00,60
2022-09-07 18:00:00,26.0,294.25,97932.88,2022-09-05 00:00:00,66
2022-09-08 00:00:00,26.75,294.5,97125.69,2022-09-05 00:00:00,72
2022-09-08 06:00:00,27.75,294.75,97491.75,2022-09-05 00:00:00,78
2022-09-08 12:00:00,28.5,294.75,96433.25,2022-09-05 00:00:00,84
2022-09-08 18:00:00,29.5,295.25,97062.0,2022-09-05 00:00:00,90
2022-09-09 00:00:00,30.75,295.75,96476.12,2022-09-05 00:00:00,96
2022-09-09 06:00:00,31.75,296.75,96728.12,2022-09-05 00:00:00,102
2022-09-09 12:00:00,33.25,298.25,96507.75,2022-09-05 00:00:00,108
2022-09-09 18:00:00,35.0,300.5,96202.31,2022-09-05 00:00:00,114
2022-09-10 00:00:00,37.0,302.75,95639.5,2022-09-05 00:00:00,120
2022-09-10 06:00:00,39.75,305.25,94898.19,2022-09-05 00:00:00,126
2022-09-10 12:00:00,42.25,306.75,95350.75,2022-09-05 00:00:00,132
2022-09-10 18:00:00,43.25,307.0,96074.69,2022-09-05 00:00:00,138
2022-09-11 00:00:00,43.25,307.5,96736.62,2022-09-05 00:00:00,144
2022-09-11 06:00:00,43.75,308.0,97074.88,2022-09-05 00:00:00,150
2022-09-11 12:00:00,44.25,308.25,97446.0,2022-09-05 00:00:00,156
2022-09-11 18:00:00,44.25,308.0,97597.06,2022-09-05 00:00:00,162
2022-09-12 00:00:00,44.25,308.25,97846.56,2022-09-05 00:00:00,168
2022-09-12 06:00:00,44.25,308.0,97929.38,2022-09-05 00:00:00,174
2022-09-12 12:00:00,43.75,308.25,98202.69,2022-09-05 00:00:00,180
2022-09-12 18:00:00,43.25,309.0,98349.5,2022-09-05 00:00:00,186
2022-09-13 00:00:00,42.75,311.0,98753.94,2022-09-05 00:00:00,192
2022-09-13 06:00:00,43.0,313.5,98789.19,2022-09-05 00:00:00,198
2022-09-13 12:00:00,43.75,315.25,98943.0,2022-09-05 00:00:00,204
2022-09-13 18:00:00,44.5,316.5,98924.38,2022-09-05 00:00:00,210
2022-09-14 00:00:00,45.0,317.25,99032.25,2022-09-05 00:00:00,216
2022-09-08 18:00:00,18.0,130.25,100558.2,2022-09-08 18:00:00,0
2022-09-09 06:00:00,19.0,128.5,100276.9,2022-09-08 18:00:00,12
2022-09-10 00:00:00,20.5,126.25,99773.5,2022-09-08 18:00:00,30
2022-09-10 06:00:00,21.0,126.0,99264.44,2022-09-08 18:00:00,36
2022-09-10 12:00:00,21.5,125.5,99145.5,2022-09-08 18:00:00,42
2022-09-10 18:00:00,22.25,125.0,98860.19,2022-09-08 18:00:00,48
2022-09-11 00:00:00,22.75,124.75,98701.62,2022-09-08 18:00:00,54
2022-09-11 06:00:00,23.0,124.25,97871.88,2022-09-08 18:00:00,60
2022-09-11 12:00:00,23.25,124.25,98031.25,2022-09-08 18:00:00,66
2022-09-11 18:00:00,23.75,124.0,97894.06,2022-09-08 18:00:00,72
2022-09-12 00:00:00,24.25,124.0,97998.06,2022-09-08 18:00:00,78
2022-09-12 06:00:00,24.75,124.0,98002.38,2022-09-08 18:00:00,84
2022-09-12 12:00:00,25.0,124.0,97744.19,2022-09-08 18:00:00,90
2022-09-12 18:00:00,25.25,123.75,98061.25,2022-09-08 18:00:00,96
2022-09-13 00:00:00,25.5,123.75,98781.94,2022-09-08 18:00:00,102
2022-09-13 06:00:00,26.0,124.0,98762.19,2022-09-08 18:00:00,108
2022-09-13 12:00:00,26.5,124.0,98801.25,2022-09-08 18:00:00,114
2022-09-13 18:00:00,27.5,123.5,98838.38,2022-09-08 18:00:00,120
2022-09-14 00:00:00,28.0,122.75,98902.25,2022-09-08 18:00:00,126
2022-09-14 06:00:00,28.75,122.5,98487.0,2022-09-08 18:00:00,132
2022-09-14 12:00:00,29.75,122.25,98536.81,2022-09-08 18:00:00,138
2022-09-14 18:00:00,31.25,121.5,98694.0,2022-09-08 18:00:00,144
2022-09-15 00:00:00,32.75,121.0,99003.69,2022-09-08 18:00:00,150
2022-09-15 06:00:00,34.0,120.25,98950.56,2022-09-08 18:00:00,156
2022-09-15 12:00:00,35.0,120.25,99165.5,2022-09-08 18:00:00,162
2022-09-16 00:00:00,37.75,121.5,99438.56,2022-09-08 18:00:00,174
2022-09-12 00:00:00,21.25,161.25,100150.3,2022-09-12 00:00:00,0
2022-09-12 06:00:00,21.75,162.25,99898.12,2022-09-12 00:00:00,6
2022-09-12 12:00:00,22.5,163.25,99790.69,2022-09-12 00:00:00,12
2022-09-12 18:00:00,23.25,163.25,99335.0,2022-09-12 00:00:00,18
2022-09-13 00:00:00,24.0,163.25,99352.94,2022-09-12 00:00:00,24
2022-09-13 06:00:00,25.0,163.0,99069.19,2022-09-12 00:00:00,30
2022-09-13 12:00:00,26.0,162.75,98849.5,2022-09-12 00:00:00,36
2022-09-13 18:00:00,27.0,162.25,98469.12,2022-09-12 00:00:00,42
2022-09-14 00:00:00,28.25,162.0,98226.5,2022-09-12 00:00:00,48
2022-09-14 06:00:00,30.0,161.75,97904.25,2022-09-12 00:00:00,54
2022-09-14 12:00:00,31.75,161.25,97865.31,2022-09-12 00:00:00,60
2022-09-14 18:00:00,33.75,162.25,97355.5,2022-09-12 00:00:00,66
2022-09-15 00:00:00,36.75,164.0,96570.44,2022-09-12 00:00:00,72
2022-09-15 06:00:00,41.0,166.0,95848.31,2022-09-12 00:00:00,78
2022-09-15 12:00:00,45.25,167.75,95708.75,2022-09-12 00:00:00,84
2022-09-15 18:00:00,48.0,170.0,95433.94,2022-09-12 00:00:00,90
2022-09-16 00:00:00,51.25,173.75,95077.81,2022-09-12 00:00:00,96
2022-09-13 06:00:00,22.0,138.75,99783.44,2022-09-13 06:00:00,0
2022-09-13 12:00:00,22.25,139.5,99884.75,2022-09-13 06:00:00,6
2022-09-13 18:00:00,22.25,139.75,99570.62,2022-09-13 06:00:00,12
2022-09-14 00:00:00,22.5,140.5,99474.0,2022-09-13 06:00:00,18
2022-09-14 06:00:00,22.75,140.25,99145.25,2022-09-13 06:00:00,24
2022-09-14 12:00:00,23.0,140.5,99076.56,2022-09-13 06:00:00,30
2022-09-14 18:00:00,23.25,139.5,98679.75,2022-09-13 06:00:00,36
2022-09-15 00:00:00,23.25,138.75,98640.94,2022-09-13 06:00:00,42
2022-09-15 06:00:00,23.25,137.75,98119.56,2022-09-13 06:00:00,48
2022-09-15 12:00:00,23.5,137.0,97720.75,2022-09-13 06:00:00,54
2022-09-15 18:00:00,23.75,136.5,97139.44,2022-09-13 06:00:00,60
2022-09-16 00:00:00,23.75,136.0,97288.56,2022-09-13 06:00:00,66
2022-09-16 06:00:00,24.25,135.5,96669.31,2022-09-13 06:00:00,72
2022-09-16 12:00:00,25.0,134.75,96779.56,2022-09-13 06:00:00,78
2022-09-16 18:00:00,25.75,133.5,96466.44,2022-09-13 06:00:00,84
2022-09-17 00:00:00,26.0,133.25,96423.12,2022-09-13 06:00:00,90
2022-09-17 06:00:00,27.0,132.5,96067.62,2022-09-13 06:00:00,96
2022-09-17 12:00:00,27.75,131.75,96207.38,2022-09-13 06:00:00,102
2022-09-17 18:00:00,28.75,131.25,95990.69,2022-09-13 06:00:00,108
2022-09-18 00:00:00,29.75,130.75,95733.56,2022-09-13 06:00:00,114
2022-09-18 06:00:00,30.75,130.5,95531.19,2022-09-13 06:00:00,120
2022-09-18 12:00:00,32.0,130.25,96292.56,2022-09-13 06:00:00,126
2022-09-18 18:00:00,33.25,130.25,96768.62,2022-09-13 06:00:00,132
2022-09-19 00:00:00,34.0,131.0,97527.69,2022-09-13 06:00:00,138
2022-09-19 06:00:00,35.5,132.5,98005.94,2022-09-13 06:00:00,144
2022-09-19 12:00:00,36.25,134.25,98610.0,2022-09-13 06:00:00,150
2022-09-17 00:00:00,16.5,298.5,100450.1,2022-09-17 00:00:00,0
2022-09-17 12:00:00,16.25,296.75,100618.6,2022-09-17 00:00:00,12
2022-09-17 18:00:00,16.75,296.0,100309.9,2022-09-17 00:00:00,18
2022-09-18 00:00:00,16.75,295.0,100190.1,2022-09-17 00:00:00,24
2022-09-18 06:00:00,16.75,294.5,99882.69,2022-09-17 00:00:00,30
2022-09-18 12:00:00,17.0,294.0,99748.31,2022-09-17 00:00:00,36
2022-09-18 18:00:00,17.75,293.25,99815.12,2022-09-17 00:00:00,42
2022-09-19 00:00:00,18.0,292.25,99744.19,2022-09-17 00:00:00,48
2022-09-19 06:00:00,18.0,291.5,99565.69,2022-09-17 00:00:00,54
2022-09-19 12:00:00,18.75,291.25,99840.5,2022-09-17 00:00:00,60
2022-09-19 18:00:00,19.5,290.25,99593.94,2022-09-17 00:00:00,66
2022-09-20 00:00:00,20.25,290.0,99303.31,2022-09-17 00:00:00,72
2022-09-20 06:00:00,20.75,289.25,99047.56,2022-09-17 00:00:00,78
2022-09-20 12:00:00,21.5,288.75,98765.0,2022-09-17 00:00:00,84
2022-09-20 18:00:00,22.25,288.25,98470.25,2022-09-17 00:00:00,90
2022-09-21 00:00:00,22.75,288.25,98092.88,2022-09-17 00:00:00,96
2022-09-21 06:00:00,23.5,288.0,97869.06,2022-09-17 00:00:00,102
2022-09-21 12:00:00,24.25,288.25,97488.38,2022-09-17 00:00:00,108
2022-09-21 18:00:00,25.0,288.25,97283.12,2022-09-17 00:00:00,114
2022-09-22 00:00:00,26.0,288.5,96624.25,2022-09-17 00:00:00,120
2022-09-22 06:00:00,26.75,289.0,96616.5,2022-09-17 00:00:00,126
2022-09-22 12:00:00,28.25,289.5,96227.12,2022-09-17 00:00:00,132
2022-09-22 18:00:00,29.5,290.0,96150.12,2022-09-17 00:00:00,138
2022-09-23 00:00:00,31.0,291.0,95803.25,2022-09-17 00:00:00,144
2022-09-23 06:00:00,32.5,292.5,95947.62,2022-09-17 00:00:00,150
2022-09-23 12:00:00,34.25,295.25,95777.12,2022-09-17 00:00:00,156
2022-09-23 18:00:00,37.5,298.0,95079.62,2022-09-17 00:00:00,162
2022-09-24 00:00:00,42.25,299.25,93992.56,2022-09-17 00:00:00,168
2022-09-24 06:00:00,45.0,299.0,93419.25,2022-09-17 00:00:00,174
2022-09-24 12:00:00,46.75,298.75,94522.0,2022-09-17 00:00:00,180
2022-09-24 18:00:00,47.75,298.75,95519.38,2022-09-17 00:00:00,186
2022-09-25 00:00:00,48.75,300.0,96745.25,2022-09-17 00:00:00,192
2022-09-25 12:00:00,52.75,302.0,98276.12,2022-09-17 00:00:00,204
2022-09-25 18:00:00,55.5,302.0,98433.75,2022-09-17 00:00:00,210
2022-09-26 00:00:00,57.25,301.0,98513.81,2022-09-17 00:00:00,216
2022-09-17 18:00:00,15.75,254.0,100255.2,2022-09-17 18:00:00,0
2022-09-18 00:00:00,17.0,253.75,99878.81,2022-09-17 18:00:00,6
2022-09-18 06:00:00,17.25,253.25,99982.94,2022-09-17 18:00:00,12
2022-09-18 12:00:00,18.25,253.25,99794.31,2022-09-17 18:00:00,18
2022-09-18 18:00:00,18.5,252.5,99997.12,2022-09-17 18:00:00,24
2022-09-19 00:00:00,19.25,252.5,99678.19,2022-09-17 18:00:00,30
2022-09-19 06:00:00,20.0,251.75,99740.19,2022-09-17 18:00:00,36
2022-09-19 12:00:00,20.25,251.0,99607.0,2022-09-17 18:00:00,42
2022-09-19 18:00:00,20.75,250.25,99829.44,2022-09-17 18:00:00,48
2022-09-20 00:00:00,21.0,249.75,99804.31,2022-09-17 18:00:00,54
2022-09-22 00:00:00,39.75,321.0,101078.8,2022-09-22 00:00:00,0
2022-09-22 06:00:00,40.0,323.0,100991.0,2022-09-22 00:00:00,6
2022-09-22 12:00:00,40.75,325.5,100750.9,2022-09-22 00:00:00,12
2022-09-22 18:00:00,41.25,327.25,100575.1,2022-09-22 00:00:00,18
2022-09-23 00:00:00,41.25,328.75,100411.0,2022-09-22 00:00:00,24
2022-09-23 06:00:00,41.0,330.25,100375.1,2022-09-22 00:00:00,30
2022-09-23 12:00:00,40.5,330.75,100418.6,2022-09-22 00:00:00,36
2022-09-23 18:00:00,39.75,331.0,100360.1,2022-09-22 00:00:00,42
2022-09-24 00:00:00,39.25,330.75,100568.8,2022-09-22 00:00:00,48
2022-09-24 06:00:00,38.5,330.25,100673.5,2022-09-22 00:00:00,54
2022-09-24 18:00:00,15.25,124.75,99724.88,2022-09-24 18:00:00,0
2022-09-25 06:00:00,15.0,122.5,99095.0,2022-09-24 18:00:00,12
2022-09-25 12:00:00,15.25,121.5,99546.12,2022-09-24 18:00:00,18
2022-09-25 18:00:00,16.0,119.75,99701.75,2022-09-24 18:00:00,24
2022-09-26 00:00:00,16.0,118.75,99684.81,2022-09-24 18:00:00,30
2022-09-26 06:00:00,16.0,117.0,99297.12,2022-09-24 18:00:00,36
2022-09-26 12:00:00,16.0,115.5,99013.69,2022-09-24 18:00:00,42
2022-09-26 18:00:00,15.75,113.5,98850.31,2022-09-24 18:00:00,48
2022-09-27 00:00:00,15.5,112.25,98637.94,2022-09-24 18:00:00,54
2022-09-27 06:00:00,15.5,111.25,98372.88,2022-09-24 18:00:00,60
2022-09-27 12:00:00,15.75,110.25,98231.25,2022-09-24 18:00:00,66
2022-09-27 18:00:00,15.75,108.75,98329.44,2022-09-24 18:00:00,72
2022-09-28 00:00:00,15.75,108.0,99203.19,2022-09-24 18:00:00,78
2022-09-28 06:00:00,16.0,106.5,99435.44,2022-09-24 18:00:00,84
2022-09-24 18:00:00,14.25,284.5,100659.1,2022-09-24 18:00:00,0
2022-09-25 06:00:00,14.5,281.75,100558.8,2022-09-24 18:00:00,12
2022-09-25 12:00:00,15.25,280.75,100449.4,2022-09-24 18:00:00,18
2022-09-25 18:00:00,15.75,280.0,100289.5,2022-09-24 18:00:00,24
2022-09-26 00:00:00,17.0,279.25,99936.06,2022-09-24 18:00:00,30
2022-09-26 06:00:00,17.75,278.5,99766.25,2022-09-24 18:00:00,36
2022-09-26 12:00:00,18.75,277.5,99122.94,2022-09-24 18:00:00,42
2022-09-26 18:00:00,19.75,277.0,99131.81,2022-09-24 18:00:00,48
2022-09-27 00:00:00,20.75,276.75,98606.69,2022-09-24 18:00:00,54
2022-09-27 06:00:00,21.75,276.25,98281.12,2022-09-24 18:00:00,60
2022-09-27 12:00:00,22.5,276.25,98459.75,2022-09-24 18:00:00,66
2022-09-27 18:00:00,23.5,276.5,98442.19,2022-09-24 18:00:00,72
2022-09-28 00:00:00,24.5,277.0,98150.44,2022-09-24 18:00:00,78
2022-09-28 06:00:00,25.25,277.0,98295.44,2022-09-24 18:00:00,84
2022-09-28 12:00:00,26.0,277.25,97553.06,2022-09-24 18:00:00,90
2022-09-28 18:00:00,26.5,277.5,97989.75,2022-09-24 18:00:00,96
2022-09-29 00:00:00,27.0,278.25,98715.06,2022-09-24 18:00:00,102
2022-09-29 06:00:00,27.75,278.75,99203.56,2022-09-24 18:00:00,108
2022-09-29 12:00:00,28.5,279.25,99257.06,2022-09-24 18:00:00,114
2022-09-29 18:00:00,28.75,279.75,99298.62,2022-09-24 18:00:00,120
2022-09-30 00:00:00,29.75,280.75,98911.69,2022-09-24 18:00:00,126
2022-09-30 06:00:00,30.25,280.75,98554.75,2022-09-24 18:00:00,132
2022-09-30 12:00:00,32.0,281.0,98059.0,2022-09-24 18:00:00,138
2022-09-30 18:00:00,33.0,280.75,98191.38,2022-09-24 18:00:00,144
2022-10-01 00:00:00,34.75,280.75,99189.25,2022-09-24 18:00:00,150
2022-09-26 06:00:00,24.25,142.5,99981.25,2022-09-26 06:00:00,0
2022-09-26 12:00:00,25.75,142.75,99859.94,2022-09-26 06:00:00,6
2022-09-26 18:00:00,26.75,141.75,99239.31,2022-09-26 06:00:00,12
2022-09-27 00:00:00,28.0,141.75,99709.69,2022-09-26 06:00:00,18
2022-09-27 06:00:00,29.0,141.5,99523.12,2022-09-26 06:00:00,24
2022-09-27 12:00:00,30.0,142.25,99394.75,2022-09-26 06:00:00,30
2022-09-27 18:00:00,31.0,144.0,99074.44,2022-09-26 06:00:00,36
2022-09-28 00:00:00,32.25,145.5,98673.19,2022-09-26 06:00:00,42
2022-09-28 06:00:00,33.5,147.5,97941.94,2022-09-26 06:00:00,48
2022-09-28 12:00:00,35.0,150.0,97346.56,2022-09-26 06:00:00,54
2022-09-28 18:00:00,37.0,152.75,96280.5,2022-09-26 06:00:00,60
2022-09-29 00:00:00,38.75,155.75,96563.31,2022-09-26 06:00:00,66
2022-09-29 06:00:00,41.25,158.75,95972.81,2022-09-26 06:00:00,72
2022-09-29 12:00:00,44.25,162.5,96088.06,2022-09-26 06:00:00,78
2022-09-29 18:00:00,48.0,167.0,95716.12,2022-09-26 06:00:00,84
2022-09-30 00:00:00,52.25,170.5,95136.19,2022-09-26 06:00:00,90
2022-09-30 06:00:00,54.75,171.0,94541.5,2022-09-26 06:00:00,96
2022-09-30 12:00:00,55.5,173.75,94796.25,2022-09-26 06:00:00,102
2022-09-30 18:00:00,56.5,177.25,95341.38,2022-09-26 06:00:00,108
2022-10-01 00:00:00,57.25,178.5,95803.0,2022-09-26 06:00:00,114
2022-10-01 06:00:00,57.5,179.0,96086.69,2022-09-26 06:00:00,120
2022-10-01 12:00:00,57.25,181.0,96637.44,2022-09-26 06:00:00,126
2022-10-01 18:00:00,57.0,184.0,97144.19,2022-09-26 06:00:00,132
2022-10-02 00:00:00,57.0,186.5,97819.44,2022-09-26 06:00:00,138
2022-10-02 06:00:00,57.0,189.5,98360.06,2022-09-26 06:00:00,144
2022-10-15 06:00:00,18.75,124.5,99477.5,2022-10-15 06:00:00,0
2022-10-15 12:00:00,19.25,123.25,99384.0,2022-10-15 06:00:00,6
2022-10-15 18:00:00,19.0,122.0,98821.62,2022-10-15 06:00:00,12
2022-10-16 00:00:00,19.5,120.75,99024.5,2022-10-15 06:00:00,18
2022-10-16 06:00:00,19.5,119.75,98826.12,2022-10-15 06:00:00,24
2022-10-16 12:00:00,19.5,119.0,98811.25,2022-10-15 06:00:00,30
2022-10-16 18:00:00,19.5,118.0,98436.31,2022-10-15 06:00:00,36
2022-10-17 00:00:00,19.5,117.0,98811.31,2022-10-15 06:00:00,42
2022-10-17 06:00:00,19.0,116.25,98436.12,2022-10-15 06:00:00,48
2022-10-17 12:00:00,18.75,115.5,98837.69,2022-10-15 06:00:00,54
2022-10-17 18:00:00,18.25,114.5,98710.12,2022-10-15 06:00:00,60
2022-10-18 00:00:00,18.0,114.0,99250.19,2022-10-15 06:00:00,66
2022-10-18 06:00:00,17.75,113.25,99233.19,2022-10-15 06:00:00,72
2022-10-18 12:00:00,17.25,112.5,99477.56,2022-10-15 06:00:00,78
2022-10-18 18:00:00,17.25,111.5,99645.62,2022-10-15 06:00:00,84
2022-10-28 06:00:00,13.25,126.5,99150.0,2022-10-28 06:00:00,0
2022-10-28 12:00:00,13.25,124.5,99376.12,2022-10-28 06:00:00,6
2022-10-28 18:00:00,12.75,123.25,98982.19,2022-10-28 06:00:00,12
2022-10-29 00:00:00,13.25,122.5,99117.5,2022-10-28 06:00:00,18
2022-10-29 06:00:00,14.25,122.0,98738.69,2022-10-28 06:00:00,24
2022-10-29 12:00:00,15.0,121.0,99097.31,2022-10-28 06:00:00,30
2022-10-29 18:00:00,15.25,119.5,98943.94,2022-10-28 06:00:00,36
2022-10-30 00:00:00,15.5,118.25,98938.88,2022-10-28 06:00:00,42
2022-10-30 06:00:00,15.5,117.5,98534.44,2022-10-28 06:00:00,48
2022-10-30 12:00:00,15.5,117.75,98620.25,2022-10-28 06:00:00,54
2022-10-30 18:00:00,15.75,117.25,98231.88,2022-10-28 06:00:00,60
2022-10-31 00:00:00,16.75,116.75,98249.44,2022-10-28 06:00:00,66
2022-10-31 06:00:00,17.0,116.5,97904.62,2022-10-28 06:00:00,72
2022-10-31 12:00:00,17.75,116.25,98055.94,2022-10-28 06:00:00,78
2022-10-31 18:00:00,17.75,116.0,97823.88,2022-10-28 06:00:00,84
2022-11-01 00:00:00,18.5,116.0,98321.5,2022-10-28 06:00:00,90
2022-11-01 06:00:00,19.0,116.0,98360.94,2022-10-28 06:00:00,96
2022-11-01 12:00:00,19.5,116.0,98809.31,2022-10-28 06:00:00,102
2022-11-01 18:00:00,20.0,115.5,99078.75,2022-10-28 06:00:00,108
2022-11-02 00:00:00,20.5,115.25,99699.25,2022-10-28 06:00:00,114
2022-11-02 06:00:00,21.25,115.25,99797.62,2022-10-28 06:00:00,120
2022-11-02 12:00:00,21.5,114.75,100228.2,2022-10-28 06:00:00,126
2022-11-09 00:00:00,27.25,285.25,99693.19,2022-11-09 00:00:00,0
2022-11-09 06:00:00,26.75,284.75,99568.12,2022-11-09 00:00:00,6
2022-11-09 12:00:00,26.5,283.75,99526.31,2022-11-09 00:00:00,12
2022-11-09 18:00:00,26.75,283.0,99399.06,2022-11-09 00:00:00,18
2022-11-10 00:00:00,27.0,281.5,99183.94,2022-11-09 00:00:00,24
2022-11-10 06:00:00,27.25,280.25,98927.5,2022-11-09 00:00:00,30
2022-11-10 12:00:00,28.25,278.5,98751.12,2022-11-09 00:00:00,36
2022-11-10 18:00:00,29.0,277.25,98936.5,2022-11-09 00:00:00,42
2022-11-11 00:00:00,30.0,276.25,99329.19,2022-11-09 00:00:00,48
2022-11-11 06:00:00,31.25,275.5,99596.88,2022-11-09 00:00:00,54
2022-11-11 12:00:00,32.75,275.5,99927.56,2022-11-09 00:00:00,60
2022-11-11 18:00:00,36.25,277.0,99987.0,2022-11-09 00:00:00,66
2022-11-22 06:00:00,30.5,153.75,98759.62,2022-11-22 06:00:00,0
2022-11-22 18:00:00,32.0,158.25,98767.0,2022-11-22 06:00:00,12
2022-11-23 00:00:00,32.75,159.75,98915.44,2022-11-22 06:00:00,18
2022-11-23 12:00:00,35.0,164.75,98860.31,2022-11-22 06:00:00,30
2022-11-23 18:00:00,37.0,166.5,98627.94,2022-11-22 06:00:00,36
2022-11-24 00:00:00,38.0,169.25,98561.25,2022-11-22 06:00:00,42
2022-11-24 06:00:00,40.25,172.5,98450.19,2022-11-22 06:00:00,48
2022-11-24 12:00:00,42.25,175.75,98594.31,2022-11-22 06:00:00,54
2022-11-24 18:00:00,43.25,178.5,98910.0,2022-11-22 06:00:00,60
2022-11-25 00:00:00,43.75,181.5,99382.75,2022-11-22 06:00:00,66
2022-12-07 12:00:00,8.25,85.25,99218.06,2022-12-07 12:00:00,0
2022-12-07 18:00:00,9.25,85.5,99439.12,2022-12-07 12:00:00,6
2022-12-08 00:00:00,9.5,84.5,99080.44,2022-12-07 12:00:00,12
2022-12-08 06:00:00,9.75,84.0,99145.88,2022-12-07 12:00:00,18
2022-12-08 12:00:00,10.0,83.5,98920.12,2022-12-07 12:00:00,24
2022-12-08 18:00:00,10.75,82.75,98901.38,2022-12-07 12:00:00,30
2022-12-09 00:00:00,11.0,82.0,98808.69,2022-12-07 12:00:00,36
2022-12-09 06:00:00,11.25,81.25,99191.06,2022-12-07 12:00:00,42
2022-12-09 12:00:00,12.0,81.0,98945.75,2022-12-07 12:00:00,48
2022-12-09 18:00:00,12.5,80.5,99390.19,2022-12-07 12:00:00,54
2022-12-10 00:00:00,12.75,79.75,99694.69,2022-12-07 12:00:00,60
2022-12-10 06:00:00,12.75,79.25,100342.4,2022-12-07 12:00:00,66
2022-12-10 06:00:00,39.75,322.75,95182.44,2022-12-10 06:00:00,0
2022-12-10 12:00:00,40.75,323.75,95493.5,2022-12-10 06:00:00,6
2022-12-10 18:00:00,42.0,325.0,95695.44,2022-12-10 06:00:00,12
2022-12-11 00:00:00,42.5,325.5,96050.69,2022-12-10 06:00:00,18
2022-12-11 06:00:00,43.25,326.5,96269.12,2022-12-10 06:00:00,24
2022-12-11 12:00:00,44.0,327.0,96414.62,2022-12-10 06:00:00,30
2022-12-11 18:00:00,44.5,327.75,96413.44,2022-12-10 06:00:00,36
2022-12-12 00:00:00,44.75,328.5,96617.12,2022-12-10 06:00:00,42
2022-12-12 06:00:00,45.0,329.25,96716.5,2022-12-10 06:00:00,48
2022-12-12 12:00:00,45.0,330.25,96948.12,2022-12-10 06:00:00,54
2022-12-12 18:00:00,44.75,331.5,97162.38,2022-12-10 06:00:00,60
2022-12-13 00:00:00,44.75,333.25,97449.38,2022-12-10 06:00:00,66
2022-12-13 06:00:00,44.75,335.25,97585.31,2022-12-10 06:00:00,72
2022-12-17 12:00:00,-11.5,93.25,99729.88,2022-12-17 12:00:00,0
2022-12-17 18:00:00,-12.0,93.5,99779.75,2022-12-17 12:00:00,6
2022-12-18 00:00:00,-12.25,92.75,99582.88,2022-12-17 12:00:00,12
2022-12-18 06:00:00,-12.0,92.75,99396.31,2022-12-17 12:00:00,18
2022-12-18 12:00:00,-12.0,93.0,99096.69,2022-12-17 12:00:00,24
2022-12-18 18:00:00,-12.0,93.25,99096.06,2022-12-17 12:00:00,30
2022-12-19 00:00:00,-12.25,93.0,98738.62,2022-12-17 12:00:00,36
2022-12-19 06:00:00,-12.5,93.0,98684.12,2022-12-17 12:00:00,42
2022-12-19 12:00:00,-12.75,93.25,98456.25,2022-12-17 12:00:00,48
2022-12-19 18:00:00,-13.0,93.25,98301.19,2022-12-17 12:00:00,54
2022-12-20 00:00:00,-13.5,93.25,98333.81,2022-12-17 12:00:00,60
2022-12-20 06:00:00,-14.0,92.75,98187.38,2022-12-17 12:00:00,66
2022-12-20 12:00:00,-14.25,92.5,98006.62,2022-12-17 12:00:00,72
2022-12-20 18:00:00,-14.25,92.0,98209.62,2022-12-17 12:00:00,78
2022-12-21 00:00:00,-14.25,91.25,98335.44,2022-12-17 12:00:00,84
2022-12-21 06:00:00,-13.75,90.75,98621.38,2022-12-17 12:00:00,90
2022-12-21 12:00:00,-13.75,90.0,98380.31,2022-12-17 12:00:00,96
2022-12-21 18:00:00,-13.5,89.25,98469.62,2022-12-17 12:00:00,102
2022-12-22 00:00:00,-13.25,88.5,98110.56,2022-12-17 12:00:00,108
2022-12-22 06:00:00,-13.0,87.5,98066.06,2022-12-17 12:00:00,114
2022-12-22 12:00:00,-12.75,86.75,97971.75,2022-12-17 12:00:00,120
2022-12-22 18:00:00,-12.75,85.75,98011.75,2022-12-17 12:00:00,126
2022-12-23 00:00:00,-12.75,85.0,97618.69,2022-12-17 12:00:00,132
2022-12-23 06:00:00,-12.5,84.25,98015.81,2022-12-17 12:00:00,138
2022-12-23 12:00:00,-12.5,83.75,97371.62,2022-12-17 12:00:00,144
2022-12-23 18:00:00,-12.25,83.25,97352.38,2022-12-17 12:00:00,150
2022-12-24 00:00:00,-12.5,83.0,97258.0,2022-12-17 12:00:00,156
2022-12-24 06:00:00,-12.5,83.0,97297.62,2022-12-17 12:00:00,162
2022-12-24 12:00:00,-13.0,83.5,97087.31,2022-12-17 12:00:00,168
2022-12-24 18:00:00,-13.5,84.0,97344.75,2022-12-17 12:00:00,174
2022-12-25 00:00:00,-14.5,84.5,96992.69,2022-12-17 12:00:00,180
2022-12-25 06:00:00,-15.0,84.5,97762.94,2022-12-17 12:00:00,186
2022-12-25 12:00:00,-15.5,85.0,97603.5,2022-12-17 12:00:00,192
2022-12-25 18:00:00,-16.0,85.0,97995.0,2022-12-17 12:00:00,198
2022-12-26 00:00:00,-16.25,85.0,97954.19,2022-12-17 12:00:00,204
2022-12-26 06:00:00,-16.75,85.0,98068.56,2022-12-17 12:00:00,210
2022-12-26 12:00:00,-17.0,84.75,98122.5,2022-12-17 12:00:00,216
2022-12-26 18:00:00,-17.0,84.25,98334.44,2022-12-17 12:00:00,222
2022-12-27 00:00:00,-17.5,83.5,98223.5,2022-12-17 12:00:00,228
2022-12-27 06:00:00,-17.75,82.5,98391.38,2022-12-17 12:00:00,234
2022-12-27 12:00:00,-18.25,81.5,98489.31,2022-12-17 12:00:00,240
2022-12-27 18:00:00,-18.75,80.25,98863.19,2022-12-17 12:00:00,246
2022-12-28 00:00:00,-19.5,78.75,98925.0,2022-12-17 12:00:00,252
2022-12-28 06:00:00,-20.25,77.5,99193.0,2022-12-17 12:00:00,258
2022-12-28 12:00:00,-20.75,76.25,99142.56,2022-12-17 12:00:00,264
2022-12-28 18:00:00,-21.5,75.0,99395.62,2022-12-17 12:00:00,270
2022-12-29 00:00:00,-22.5,73.75,99422.88,2022-12-17 12:00:00,276
2022-12-29 06:00:00,-23.5,72.5,99736.81,2022-12-17 12:00:00,282
2022-12-29 12:00:00,-24.5,71.5,99695.69,2022-12-17 12:00:00,288
2022-12-29 18:00:00,-25.5,70.5,99868.94,2022-12-17 12:00:00,294
2022-12-30 00:00:00,-26.25,69.75,99611.94,2022-12-17 12:00:00,300
2022-12-30 06:00:00,-27.25,69.25,99587.12,2022-12-17 12:00:00,306
2022-12-30 12:00:00,-28.25,68.75,99304.69,2022-12-17 12:00:00,312
2022-12-30 18:00:00,-29.0,68.75,99615.25,2022-12-17 12:00:00,318
2022-12-31 00:00:00,-30.5,68.5,99614.56,2022-12-17 12:00:00,324
2022-12-31 06:00:00,-31.5,68.25,99851.88,2022-12-17 12:00:00,330
